Donor Contact, Scholarship Name, Amount, Deadline
(520)555-1234,Scholarship1,2500,2024-03-17
(520)555-5678,Scholarship2,2000,2024-04-02
(520)555-9876,Scholarship3,3000,2024-05-15
(520)555-4321,Scholarship4,1800,2024-06-20
(520)555-8765,Scholarship5,2200,2024-07-10
(520)555-2468,Scholarship6,2800,2024-08-05
(520)555-1357,Scholarship7,1900,2024-09-15
(520)555-8642,Scholarship8,2600,2024-10-22
(520)555-9753,Scholarship9,3200,2024-11-30
(520)555-6543,Scholarship10,2100,2025-01-05
(520)555-7890,Scholarship11,3000,2025-02-18
(520)555-3210,Scholarship12,2400,2025-03-25
(520)555-4567,Scholarship13,1800,2025-04-10
(520)555-2345,Scholarship14,2700,2025-05-15
(520)555-5678,Scholarship15,1900,2025-06-28
(520)555-8765,Scholarship16,2300,2025-07-20
(520)555-4321,Scholarship17,3100,2025-08-12
(520)555-7890,Scholarship18,2000,2025-09-30
(520)555-1357,Scholarship19,2600,2025-10-15
(520)555-9753,Scholarship20,3400,2025-11-22
(520)555-6543,Scholarship21,2200,2026-01-03
(520)555-9876,Scholarship22,3200,2026-02-15
(520)555-2468,Scholarship23,2500,2026-03-22
(520)555-7890,Scholarship24,1800,2026-04-10
(520)555-3210,Scholarship25,2700,2026-05-15
(520)555-8765,Scholarship26,1900,2026-06-28
(520)555-4321,Scholarship27,2300,2026-07-20
(520)555-5678,Scholarship28,3100,2026-08-12
(520)555-9753,Scholarship29,2000,2026-09-30
(520)555-8642,Scholarship30,2600,2026-10-15
(520)555-6543,Scholarship31,3400,2026-11-22
(520)555-1234,Scholarship32,2200,2027-01-03
(520)555-7890,Scholarship33,3200,2027-02-15
(520)555-9753,Scholarship34,2500,2027-03-22
(520)555-2468,Scholarship35,1800,2027-04-10
(520)555-8642,Scholarship36,2700,2027-05-15
(520)555-5678,Scholarship37,1900,2027-06-28
(520)555-1357,Scholarship38,2300,2027-07-20
(520)555-3210,Scholarship39,3100,2027-08-12
(520)555-4321,Scholarship40,2000,2027-09-30
(520)555-2468,Scholarship41,2600,2027-10-15
(520)555-7890,Scholarship42,3400,2027-11-22
(520)555-9753,Scholarship43,2200,2028-01-03
(520)555-8642,Scholarship44,3200,2028-02-15
(520)555-1234,Scholarship45,2500,2028-03-22
(520)555-5678,Scholarship46,1800,2028-04-10
(520)555-1357,Scholarship47,2700,2028-05-15
(520)555-8765,Scholarship48,1900,2028-06-28
(520)555-3210,Scholarship49,2300,2028-07-20
(520)555-6543,Scholarship50,3100,2028-08-12
